{
  "accuracy": 0.8507462686567164,
  "balanced_accuracy": 0.8643849206349207,
  "cohen_kappa": 0.8190167477039438,
  "matthews_corrcoef": 0.8228060524425765,
  "log_loss": 0.6372021176398157,
  "brier_score": 0.04992242757047278,
  "roc_auc_macro": 0.9618712299052857,
  "average_precision_macro": 0.9041605725068914,
  "topk": {
    "top_1": 0.8507462686567164,
    "top_2": 0.9552238805970149,
    "top_3": 0.9850746268656716
  },
  "per_class_auc": {
    "LEVEL_2": 0.9897435897435897,
    "LEVEL_3": 0.9696969696969697,
    "LEVEL_4": 0.8738095238095237,
    "LEVEL_5": 0.9607843137254902,
    "LEVEL_6": 0.9771929824561403,
    "LEVEL_7": 1.0
  },
  "per_class_ap": {
    "LEVEL_2": 0.9558085433085434,
    "LEVEL_3": 0.9112454212454214,
    "LEVEL_4": 0.7586947643551416,
    "LEVEL_5": 0.8944799525816993,
    "LEVEL_6": 0.9047347535505429,
    "LEVEL_7": 0.9999999999999998
  },
  "ece_per_class": {
    "LEVEL_2": 0.058729934195043965,
    "LEVEL_3": 0.054642514367759444,
    "LEVEL_4": 0.09576908424915287,
    "LEVEL_5": 0.06663372409641839,
    "LEVEL_6": 0.05047249837415037,
    "LEVEL_7": 0.021305738668677045
  },
  "ece_mean": 0.05792558232520034
}